{"inputUnits":[34],"outputUnits":4,"inputs":{"0":{"dtype":"number","min":129.17452030144779,"max":153.21474335073034},"1":{"dtype":"number","min":27.650977876863593,"max":40.445766662345335},"2":{"dtype":"number","min":131.90244334217175,"max":151.5325536987661},"3":{"dtype":"number","min":25.394804522221193,"max":37.720216029349004},"4":{"dtype":"number","min":129.21350466138196,"max":150.76615592385082},"5":{"dtype":"number","min":25.316407526513487,"max":37.25637379323463},"6":{"dtype":"number","min":135.7683489758681,"max":155.71245089579187},"7":{"dtype":"number","min":26.736789502986213,"max":40.0057578903228},"8":{"dtype":"number","min":133.05234176175605,"max":151.76808880460865},"9":{"dtype":"number","min":26.83006482179991,"max":38.83453937819961},"10":{"dtype":"number","min":135.99106848007975,"max":160.18250647222024},"11":{"dtype":"number","min":36.74917661169624,"max":51.74757065012298},"12":{"dtype":"number","min":131.31656167804036,"max":157.14341824156764},"13":{"dtype":"number","min":36.114386681916656,"max":52.186234056717694},"14":{"dtype":"number","min":131.0452332408512,"max":170.03375491279573},"15":{"dtype":"number","min":26.736905107238414,"max":72.70777789627996},"16":{"dtype":"number","min":115.69811518554094,"max":156.10540460519755},"17":{"dtype":"number","min":28.23929852734281,"max":70.60654509531386},"18":{"dtype":"number","min":119.44628763755472,"max":194.29606946062023},"19":{"dtype":"number","min":2.6954494190587184,"max":92.12674394655784},"20":{"dtype":"number","min":104.77970323673946,"max":156.9758791867861},"21":{"dtype":"number","min":1.739572588107933,"max":89.31072782032223},"22":{"dtype":"number","min":138.61811207426197,"max":155.4239907617235},"23":{"dtype":"number","min":68.84744684844631,"max":90.44485370287171},"24":{"dtype":"number","min":132.68829217680698,"max":154.83444636897818},"25":{"dtype":"number","min":68.89776932358279,"max":90.09376847558448},"26":{"dtype":"number","min":129.27512937018844,"max":157.4030026387612},"27":{"dtype":"number","min":89.05629026101258,"max":115.08440893262278},"28":{"dtype":"number","min":129.53715704758343,"max":151.08860295106464},"29":{"dtype":"number","min":86.375249499013,"max":114.96809932693898},"30":{"dtype":"number","min":134.16488226285705,"max":156.13004224309663},"31":{"dtype":"number","min":113.84373627933547,"max":141.0030045824756},"32":{"dtype":"number","min":132.7365965694769,"max":151.0732410946709},"33":{"dtype":"number","min":112.7090487109084,"max":140.60130465819216}},"outputs":{"0":{"dtype":"string","min":0,"max":1,"uniqueValues":["Enter","w","f","n"],"legend":{"Enter":[1,0,0,0],"w":[0,1,0,0],"f":[0,0,1,0],"n":[0,0,0,1]}}},"isNormalized":true}