{"inputUnits":[34],"outputUnits":4,"inputs":{"0":{"dtype":"number","min":298.83505379643424,"max":378.38144858987414},"1":{"dtype":"number","min":76.28187246359741,"max":258.02438461363084},"2":{"dtype":"number","min":304.1271842036266,"max":388.3953228071042},"3":{"dtype":"number","min":67.78732240431967,"max":251.03765821642452},"4":{"dtype":"number","min":293.83596219905155,"max":364.9060990745455},"5":{"dtype":"number","min":67.94482873107674,"max":250.14697360621352},"6":{"dtype":"number","min":318.77239924924385,"max":403.3397852678707},"7":{"dtype":"number","min":85.1124400573018,"max":253.78074675682456},"8":{"dtype":"number","min":278.36286611594113,"max":363.48812652469144},"9":{"dtype":"number","min":83.96840255084206,"max":253.151172682469},"10":{"dtype":"number","min":296.43150596767083,"max":420.46254911311405},"11":{"dtype":"number","min":155.39822173953522,"max":297.75903130319796},"12":{"dtype":"number","min":276.837430872342,"max":380.2526083623389},"13":{"dtype":"number","min":151.84565206446072,"max":301.74864178965527},"14":{"dtype":"number","min":302.63329056914216,"max":475.91384709577153},"15":{"dtype":"number","min":122.18681127644697,"max":357.1812094603067},"16":{"dtype":"number","min":229.42378775155035,"max":383.46653326012284},"17":{"dtype":"number","min":143.10571811542437,"max":359.79543485530155},"18":{"dtype":"number","min":301.09354932020614,"max":517.3285169638549},"19":{"dtype":"number","min":96.62800354716379,"max":412.3707135271006},"20":{"dtype":"number","min":196.27348309824902,"max":406.47932416270214},"21":{"dtype":"number","min":107.66799748639653,"max":411.9701875322988},"22":{"dtype":"number","min":321.86506367842975,"max":401.0551010309954},"23":{"dtype":"number","min":326.45777127158317,"max":456.5520848374423},"24":{"dtype":"number","min":287.03169648285507,"max":384.77407373806847},"25":{"dtype":"number","min":327.4457885504697,"max":454.33132067728604},"26":{"dtype":"number","min":318.32674601662484,"max":401.1558544589388},"27":{"dtype":"number","min":417.22009443587365,"max":557.4055413049483},"28":{"dtype":"number","min":281.4542516567364,"max":385.5226818040187},"29":{"dtype":"number","min":418.20573264986626,"max":558.0827638425716},"30":{"dtype":"number","min":318.3241836013497,"max":405.3444977400368},"31":{"dtype":"number","min":464.0700747716288,"max":572.8886372013314},"32":{"dtype":"number","min":292.31266481867095,"max":393.118071797293},"33":{"dtype":"number","min":464.2561536262008,"max":576.6518523813686}},"outputs":{"0":{"dtype":"string","min":0,"max":1,"uniqueValues":["w","j","f","n"],"legend":{"w":[1,0,0,0],"j":[0,1,0,0],"f":[0,0,1,0],"n":[0,0,0,1]}}},"isNormalized":true}