{"inputUnits":[34],"outputUnits":4,"inputs":{"0":{"dtype":"number","min":128.38064334735796,"max":150.6096355646037},"1":{"dtype":"number","min":44.958245225453666,"max":64.99032610585255},"2":{"dtype":"number","min":130.762298779149,"max":151.88710735929615},"3":{"dtype":"number","min":41.079529973783394,"max":61.78929061741218},"4":{"dtype":"number","min":127.86300776069731,"max":147.72814962186703},"5":{"dtype":"number","min":39.319691379710406,"max":62.83829804060525},"6":{"dtype":"number","min":134.45694734150334,"max":156.33331402730386},"7":{"dtype":"number","min":44.36564081837696,"max":62.068863490212294},"8":{"dtype":"number","min":124.58501047661333,"max":151.71259400445663},"9":{"dtype":"number","min":41.78552913294692,"max":63.40151295123863},"10":{"dtype":"number","min":137.3383804054112,"max":163.7933924040442},"11":{"dtype":"number","min":54.429810594491926,"max":77.96335969917507},"12":{"dtype":"number","min":123.11371550949632,"max":156.62121475902515},"13":{"dtype":"number","min":55.26431922318871,"max":76.96976873197445},"14":{"dtype":"number","min":114.68067837132554,"max":177.30021884933058},"15":{"dtype":"number","min":36.48747292010238,"max":98.78731440013485},"16":{"dtype":"number","min":106.3361197594075,"max":169.6345730514378},"17":{"dtype":"number","min":35.69579335966,"max":97.37187923624359},"18":{"dtype":"number","min":104.38491713676008,"max":198.06695782256963},"19":{"dtype":"number","min":14.332598452438177,"max":116.05883487003788},"20":{"dtype":"number","min":82.3845039545794,"max":164.14726476261126},"21":{"dtype":"number","min":14.728706523138271,"max":117.71333271427378},"22":{"dtype":"number","min":138.93569731062954,"max":156.44438962528216},"23":{"dtype":"number","min":97.8862505293078,"max":119.44999646583884},"24":{"dtype":"number","min":128.4998255481052,"max":156.3406001732971},"25":{"dtype":"number","min":97.6598133651199,"max":118.35662259202061},"26":{"dtype":"number","min":127.32043340512287,"max":160.23469509317718},"27":{"dtype":"number","min":132.28699788045327,"max":147.21837663464973},"28":{"dtype":"number","min":124.87081609347452,"max":152.2842501851835},"29":{"dtype":"number","min":128.93322940930318,"max":149.2826442124779},"30":{"dtype":"number","min":131.8894835065775,"max":156.18718032243189},"31":{"dtype":"number","min":159.56939976502952,"max":182.5771352938641},"32":{"dtype":"number","min":127.55735170980373,"max":154.1311134160261},"33":{"dtype":"number","min":159.25401557512322,"max":182.85009970460885}},"outputs":{"0":{"dtype":"string","min":0,"max":1,"uniqueValues":["f","j","w","n"],"legend":{"f":[1,0,0,0],"j":[0,1,0,0],"w":[0,0,1,0],"n":[0,0,0,1]}}},"isNormalized":true}