{"inputUnits":[34],"outputUnits":4,"inputs":{"0":{"dtype":"number","min":131.56639755004113,"max":158.4649542426321},"1":{"dtype":"number","min":44.57273602021807,"max":59.54946421463667},"2":{"dtype":"number","min":134.31982057103852,"max":160.9254523473955},"3":{"dtype":"number","min":42.47169511327485,"max":57.14439481148925},"4":{"dtype":"number","min":132.7217896624762,"max":151.9284341121926},"5":{"dtype":"number","min":40.85181815151111,"max":54.52529083430072},"6":{"dtype":"number","min":141.40672776485695,"max":166.1116688631852},"7":{"dtype":"number","min":43.90597044725827,"max":57.1852528909765},"8":{"dtype":"number","min":127.72579916720261,"max":156.0462699326096},"9":{"dtype":"number","min":42.74853081090906,"max":54.188102581157764},"10":{"dtype":"number","min":140.5388225377302,"max":176.65336493852075},"11":{"dtype":"number","min":62.48219948334453,"max":81.43195760853098},"12":{"dtype":"number","min":116.27582557470419,"max":162.2844349085589},"13":{"dtype":"number","min":56.21601345938004,"max":80.19012697939743},"14":{"dtype":"number","min":115.0396020495938,"max":210.75198103017846},"15":{"dtype":"number","min":29.51194064626435,"max":122.03302454043921},"16":{"dtype":"number","min":82.69459319949614,"max":190.7249044351541},"17":{"dtype":"number","min":22.56592116003371,"max":117.28987849640012},"18":{"dtype":"number","min":107.52454611114028,"max":230.17056535654032},"19":{"dtype":"number","min":0.2972781704557548,"max":149.99671824711308},"20":{"dtype":"number","min":50.66049071137544,"max":215.23936305064638},"21":{"dtype":"number","min":-8.02816961525943,"max":140.45053275352788},"22":{"dtype":"number","min":139.24034615898876,"max":163.95882660312876},"23":{"dtype":"number","min":126.76122650562095,"max":147.59467406959388},"24":{"dtype":"number","min":125.04128185227688,"max":164.08058288960143},"25":{"dtype":"number","min":126.30640150508066,"max":146.19241881463316},"26":{"dtype":"number","min":115.6760649922293,"max":159.7332668675523},"27":{"dtype":"number","min":178.43203904563816,"max":206.17567470565382},"28":{"dtype":"number","min":111.35314837503991,"max":149.0040993412181},"29":{"dtype":"number","min":166.99921322239976,"max":210.39209391820293},"30":{"dtype":"number","min":130.20284949341638,"max":159.73178236401034},"31":{"dtype":"number","min":198.52377420269562,"max":231.36736973714272},"32":{"dtype":"number","min":120.33862677993478,"max":149.20012507341252},"33":{"dtype":"number","min":186.55683881113967,"max":231.70631273247392}},"outputs":{"0":{"dtype":"string","min":0,"max":1,"uniqueValues":["w","j","f","n"],"legend":{"w":[1,0,0,0],"j":[0,1,0,0],"f":[0,0,1,0],"n":[0,0,0,1]}}},"isNormalized":true}