{"inputUnits":[34],"outputUnits":4,"inputs":{"0":{"dtype":"number","min":129.68135921407767,"max":151.62014678294557},"1":{"dtype":"number","min":24.62494721950725,"max":46.50527439878145},"2":{"dtype":"number","min":131.9106351076861,"max":151.78466325604035},"3":{"dtype":"number","min":23.22156521132949,"max":42.94953528452477},"4":{"dtype":"number","min":129.448366257931,"max":148.64274094076936},"5":{"dtype":"number","min":23.100853708467596,"max":44.6632141844308},"6":{"dtype":"number","min":138.22850921274625,"max":156.80488575293398},"7":{"dtype":"number","min":23.802487748142354,"max":43.340926046037495},"8":{"dtype":"number","min":133.8221486904278,"max":147.53875532966646},"9":{"dtype":"number","min":25.340313592309627,"max":43.616991234196774},"10":{"dtype":"number","min":137.11532358993352,"max":162.9795961342897},"11":{"dtype":"number","min":33.69395043553082,"max":55.51680792073796},"12":{"dtype":"number","min":133.33720223912934,"max":152.91084399019235},"13":{"dtype":"number","min":35.58064575881811,"max":54.934534712988125},"14":{"dtype":"number","min":127.85857122695865,"max":175.4403307280188},"15":{"dtype":"number","min":20.96904148851388,"max":75.2054214477539},"16":{"dtype":"number","min":122.60274961300861,"max":153.29788751639282},"17":{"dtype":"number","min":23.108048537361952,"max":70.3615564732932},"18":{"dtype":"number","min":113.76523632947574,"max":199.0199701331469},"19":{"dtype":"number","min":-4.059591579993878,"max":86.61776683581016},"20":{"dtype":"number","min":110.24342436734806,"max":156.5213956721562},"21":{"dtype":"number","min":-5.065601048331544,"max":83.9624267978891},"22":{"dtype":"number","min":137.65054361365648,"max":159.103719362489},"23":{"dtype":"number","min":67.96990292823733,"max":93.17930307091444},"24":{"dtype":"number","min":133.80478940585246,"max":153.85032126875703},"25":{"dtype":"number","min":68.16181324706469,"max":92.61883829818163},"26":{"dtype":"number","min":130.99967532932527,"max":157.36661588171577},"27":{"dtype":"number","min":99.02123438987289,"max":118.68607057949913},"28":{"dtype":"number","min":128.3928856311605,"max":150.78624055543298},"29":{"dtype":"number","min":97.66687472785031,"max":118.89825464500993},"30":{"dtype":"number","min":139.04234277599053,"max":158.37804649590518},"31":{"dtype":"number","min":121.96807474106666,"max":144.7768153852352},"32":{"dtype":"number","min":130.49086577581525,"max":150.99689436329942},"33":{"dtype":"number","min":121.7043697138241,"max":143.29822439024886}},"outputs":{"0":{"dtype":"string","min":0,"max":1,"uniqueValues":["j","f","w","n"],"legend":{"j":[1,0,0,0],"f":[0,1,0,0],"w":[0,0,1,0],"n":[0,0,0,1]}}},"isNormalized":true}