{"inputUnits":[34],"outputUnits":4,"inputs":{"0":{"dtype":"number","min":113.56106616179767,"max":188.79761306228343},"1":{"dtype":"number","min":57.97357730735601,"max":70.36912764556678},"2":{"dtype":"number","min":115.37879134894345,"max":192.4804904581508},"3":{"dtype":"number","min":54.108788445070104,"max":66.88122868074053},"4":{"dtype":"number","min":114.21982768908549,"max":182.31745925858792},"5":{"dtype":"number","min":53.392986112995374,"max":67.32468268286857},"6":{"dtype":"number","min":122.95735114279425,"max":199.91478122161985},"7":{"dtype":"number","min":54.37710214472931,"max":69.28625312111258},"8":{"dtype":"number","min":119.1287892337903,"max":174.6653909349256},"9":{"dtype":"number","min":56.731125074601835,"max":70.5020057978797},"10":{"dtype":"number","min":117.43992460377022,"max":202.34132527377355},"11":{"dtype":"number","min":70.24870459486075,"max":95.79889602048851},"12":{"dtype":"number","min":117.45362077705592,"max":171.17971511202563},"13":{"dtype":"number","min":68.33906364255378,"max":94.59331623867791},"14":{"dtype":"number","min":99.63808987391135,"max":238.31720129525152},"15":{"dtype":"number","min":31.073670494881128,"max":127.24880525388608},"16":{"dtype":"number","min":99.72602068682126,"max":185.31172335843632},"17":{"dtype":"number","min":39.20933873180286,"max":126.04679970982474},"18":{"dtype":"number","min":99.10850339362594,"max":251.90057012357602},"19":{"dtype":"number","min":0.5810458674041215,"max":157.10252943855318},"20":{"dtype":"number","min":84.65660815109075,"max":181.4018036141006},"21":{"dtype":"number","min":2.725481708689891,"max":158.66206039992753},"22":{"dtype":"number","min":116.57978087547689,"max":191.57609883913273},"23":{"dtype":"number","min":133.84905048381495,"max":158.4412395239804},"24":{"dtype":"number","min":120.04854632722729,"max":169.6001720335697},"25":{"dtype":"number","min":134.16730731470577,"max":157.0650563481253},"26":{"dtype":"number","min":118.62140406894314,"max":192.262075847225},"27":{"dtype":"number","min":176.84457139746226,"max":217.2665274820439},"28":{"dtype":"number","min":124.73540176213484,"max":169.48679231020265},"29":{"dtype":"number","min":176.30514129312124,"max":218.18978660115937},"30":{"dtype":"number","min":128.64116481306024,"max":187.9708421369471},"31":{"dtype":"number","min":212.669219466035,"max":253.62498404914766},"32":{"dtype":"number","min":133.74367456027971,"max":175.52145130439493},"33":{"dtype":"number","min":211.76203157187436,"max":254.72122231346162}},"outputs":{"0":{"dtype":"string","min":0,"max":1,"uniqueValues":["w","j","f","n"],"legend":{"w":[1,0,0,0],"j":[0,1,0,0],"f":[0,0,1,0],"n":[0,0,0,1]}}},"isNormalized":true}